,rs1695,MAF: 0.35 (G),,,,,rs1050450,MAF: 0.22 (A),,,,rs4673,MAF: 0.34 (A),,,,,,,,
No,AA,AG,GG,,,No.,AA,AG,GG,,No.,AA,AG,GG,,,,,,,
D1,1,,,,,D1,,,1,,D1,,1,,,,,,,,
D2,,1,,,,D2,,,1,,D2,,,1,,,,,,,
D3,,1,,,,D3,,,1,,D3,,,1,,,,,,,
D4,,1,,,,D4,1,,,,D4,,1,,,,,,,,
D5,,,1,,,D5,,,1,,D5,,1,,,,,,,,
D6,,1,,,,D6,,1,,,D6,1,,,,,,,,,
D7,,,1,,,D7,,,1,,D7,,,1,,SNPs,chromosome location,Genome AD,ensemble,,
D8,,1,,,,D8,,1,,,D8,,,1,,rs1695,11-67352689,0.3402,0.35 (G),,
D9,,1,,,,D9,,1,,,D9,,1,,,rs1050450,3-49394834,0.282,0.22 (A),,
D10,,1,,,,D10,,1,,,D10,,,1,,rs4673,16-88713236,0.6941, 0.34 (A),,
D11,1,,,,,D11,,,1,,D11,,1,,,,,,,,
D12,1,,,,,D12,,,1,,D12,,1,,,,,,,,
D13,,1,,,,D13,,,1,,D13,,1,,,,,,,,
D14,1,,,,,D14,,,1,,D14,,1,,,,,,,,
D15,1,,,,,D15,,1,,,D15,,1,,,,,,,,
D16,,1,,,,D16,1,,,,D16,,1,,,,,,,,
D17,,1,,,,D17,,1,,,D17,,,1,,,,,,,
D18,,1,,,,D18,,1,,,D18,,,1,,,,,,,
D19,,1,,,,D19,,,1,,D19,,1,,,,,,,,
D20,,1,,,,D20,1,,,,D20,,,1,,,,,,,
D21,,1,,,,D21,,1,,,D21,,,1,,,,,,,
D22,1,,,,,D22,,,1,,D22,,1,,,,,,,,
D23,1,,,,,D23,,1,,,D23,1,,,,,,,,,
D24,1,,,,,D24,,1,,,D24,,1,,,,,,,,
D25,,1,,,,D25,,1,,,D25,,,1,,,,,,,
D26,,1,,,,D26,,1,,,D26,,1,,,,,,,,
D27,,,1,,,D27,,,1,,D27,,,1,,,,,,,
D28,1,,,,,D28,,,1,,D28,1,,,,,,,,,
D29,1,,,,,D29,,,1,,D29,,1,,,,,,,,
D30,,1,,,,D30,,1,,,D30,,1,,,,,,,,
D31,1,,,,,D31,,,1,,D31,,,1,,,,,,,
D32,1,,,,,D32,,,1,,D32,,,1,,,,,,,
D33,,,1,,,D33,,1,,,D33,,1,,,,,,,,
D34,,,,,,D34,,,,,D34,,,,,,,,,,
D35,,1,,,,D35,,1,,,D35,1,,,,,,,,,
D36,,1,,,,D36,,,1,,D36,,1,,,,,,,,
D37,,,,,,D37,,,,,D37,,,,,,,,,,
D38,1,,,,,D38,,1,,,D38,,1,,,,,,,,
D39,,1,,,,D39,,1,,,D39,,1,,,,,,,,
D40,,1,,,,D40,1,,,,D40,,,1,,,,,,,
D41,1,,,,,D41,,1,,,D41,1,,,,,,,,,
D42,,,,,,D42,,,,,D42,,,,,,,,,,
D43,,1,,,,D43,,,1,,D43,,1,,,,,,,,
D44,,1,,,,D44,,1,,,D44,,1,,,,,,,,
D45,,1,,,,D45,,1,,,D45,,1,,,,,,,,
D46,,1,,,,D46,,1,,,D46,,,1,,,,,,,
D47,1,,,,,D47,,,1,,D47,,,1,,,,,,,
D48,1,,,,,D48,,,1,,D48,,1,,,,,,,,
D49,1,,,,,D49,,,1,,D49,,,1,,,,,,,
D50,,1,,,,D50,,,1,,D50,,1,,,,,,,,
,,,,,,,,,,,,,,,,,,,,,
DN1,1,,,,,DN1,,1,,,DN1,,,1,,,,,,,
DN2,1,,,,,DN2,,,1,,DN2,,1,,,,,,,,
DN3,,,1,,,DN3,,1,,,DN3,1,,,,,,,,,
DN4,1,,,,,DN4,,,1,,DN4,,1,,,,,,,,
DN5,,1,,,,DN5,,,1,,DN5,,1,,,,,,,,
DN6,1,,,,,DN6,,,1,,DN6,,,1,,,,,,,
DN7,,,1,,,DN7,,,1,,DN7,1,,,,,,,,,
DN8,,1,,,,DN8,,1,,,DN8,,,1,,,,,,,
DN9,,1,,,,DN9,,,1,,DN9,1,,,,,,,,,
DN10,,1,,,,DN10,,1,,,DN10,,1,,,,,,,,
DN11,,1,,,,DN11,1,,,,DN11,,1,,,,,,,,
DN12,,1,,,,DN12,,,1,,DN12,,1,,,,,,,,
DN13,1,,,,,DN13,,1,,,DN13,,1,,,,,,,,
DN14,,,1,,,DN14,,,1,,DN14,,1,,,,,,,,
DN15,1,,,,,DN15,,,1,,DN15,,,1,,,,,,,
DN16,1,,,,,DN16,,,1,,DN16,1,,,,,,,,,
DN17,1,,,,,DN17,,,1,,DN17,,1,,,,,,,,
DN18,,1,,,,DN18,,,1,,DN18,,1,,,,,,,,
DN19,1,,,,,DN19,1,,,,DN19,1,,,,,,,,,
DN20,,1,,,,DN20,,1,,,DN20,,1,,,,,,,,
DN21,1,,,,,DN21,,,1,,DN21,,1,,,,,,,,
DN22,1,,,,,DN22,,,1,,DN22,,,1,,,,,,,
DN23,,,1,,,DN23,,,1,,DN23,,1,,,,,,,,
DN24,1,,,,,DN24,,1,,,DN24,,,1,,,,,,,
DN25,,1,,,,DN25,,,1,,DN25,,,1,,,,,,,
DN26,,,1,,,DN26,,,1,,DN26,,,1,,,,,,,
DN27,1,,,,,DN27,,,1,,DN27,,,1,,,,,,,
DN28,1,,,,,DN28,,,1,,DN28,,,1,,,,,,,
DN29,,1,,,,DN29,,,1,,DN29,,,1,,,,,,,
DN30,,1,,,,DN30,,1,,,DN30,,,1,,,,,,,
DN31,,1,,,,DN31,,,1,,DN31,,,1,,,,,,,
DN32,,,1,,,DN32,,1,,,DN32,,1,,,,,,,,
DN33,,1,,,,DN33,,,1,,DN33,,,1,,,,,,,
DN34,1,,,,,DN34,,1,,,DN34,,,,,,,,,,
DN35,1,,,,,DN35,,1,,,DN35,,1,,,,,,,,
DN36,,1,,,,DN36,,,1,,DN36,,1,,,,,,,,
DN37,,1,,,,DN37,,,1,,DN37,,1,,,,,,,,
DN38,1,,,,,DN38,,,1,,DN38,,,1,,,,,,,
DN39,,1,,,,DN39,,1,,,DN39,,1,,,,,,,,
DN40,,1,,,,DN40,,1,,,DN40,,1,,,,,,,,
DN41,,1,,,,DN41,,,,,DN41,,,1,,,,,,,
DN42,,1,,,,DN42,,1,,,DN42,1,,,,,,,,,
DN43,,,1,,,DN43,,,1,,DN43,,,1,,,,,,,
DN44,1,,,,,DN44,,,1,,DN44,,,1,,,,,,,
DN45,1,,,,,DN45,,,1,,DN45,,,1,,,,,,,
DN46,,1,,,,DN46,,1,,,DN46,,1,,,,,,,,
DN47,1,,,,,DN47,,1,,,DN47,,1,,,,,,,,
DN48,,1,,,,DN48,,,1,,DN48,,,1,,,,,,,
DN49,1,,,,,DN49,1,,,,DN49,,,1,,,,,,,
DN50,,,1,,,DN50,,1,,,DN50,,1,,,,,,,,
,,,,,,,,,,,,,,,,,,,,,
,,,,,,,,,,,,,,,,,,,,,
,,,,,,,,,,,,,,,,,,,,,
,,,,,,,,,,,,,,,,,,,,,
,,,,,,,,,,,,,,,,,,,,,
,,,,,,,,,,,,,,,,,,,,,
,,,,,,,,,,,,,,,,,,,,,
,,,,,,,,,,,,,,,,,,,,,
,,,,,,,,,,,,,,,,,,,,,
,,,,,,,,,,,,,,,,,,,,,
,,,,,,,,,,,,,,,,,,,,,
,,,,,,,,,,,,,,,,,,,,,
,,,,,,,,,,,,,,,,,,,,,
,,,,,,,,,,,,,,,,,,,,,
,,,,,,,,,,,,,,,,,,,,,
,,,,,,,,,,,,,,,,,,,,,
,,,,,,,,,,,,,,,,,,,,,
,,,,,,,,,,,,,,,,,,,,,
,,,,,,,,,,,,,,,,,,,,,
,,,,,,,,,,,,,,,,,,,,,
,,,,,,,,,,,,,,,,,,,,,
,,,,,,,,,,,,,,,,,,,,,
,,,,,,,,,,,,,,,,,,,,,
,,,,,,,,,,,,,,,,,,,,,
,,,,,,,,,,,,,,,,,,,,,
,,,,,,,,,,,,,,,,,,,,,
,,,,,,,,,,,,,,,,,,,,,
,,,,,,,,,,,,,,,,,,,,,
,,,,,,,,,,,,,,,,,,,,,
,,,,,,,,,,,,,,,,,,,,,
,,,,,,,,,,,,,,,,,,,,,
,,,,,,,,,,,,,,,,,,,,,
,,,,,,,,,,,,,,,,,,,,,
,,,,,,,,,,,,,,,,,,,,,
,,,,,,,,,,,,,,,,,,,,,
,,,,,,,,,,,,,,,,,,,,,
,,,,,,,,,,,,,,,,,,,,,
,,,,,,,,,,,,,,,,,,,,,
,,,,,,,,,,,,,,,,,,,,,
,,,,,,,,,,,,,,,,,,,,,
,,,,,,,,,,,,,,,,,,,,,
,,,,,,,,,,,,,,,,,,,,,
,,,,,,,,,,,,,,,,,,,,,
,,,,,,,,,,,,,,,,,,,,,
,,,,,,,,,,,,,,,,,,,,,